Title,內文,留言數,按讚數
#公告 即日起開放試用私訊功能,Dcard app 最新版，最近新增了私訊的功能，開放在遊戲類看板、省錢板、登山板、音樂活動板等等...可以使用，方便板友互相交換遊戲 ID、優惠券、音樂會門票等等...。今天起，也限定開放本校學生，,6,14
讓我無病呻吟一下⋯⋯,我是當初靠繁星進政大的人，當初剛進來的時候 會覺得自己好棒，讀了三年的書 獲得了還不錯的成績，進了還不錯的大學，當然一直到現在我還是很感謝當年的自己，不然就不會有現在的我了，雖然本科系錢途應該不多，但,41,221
大家都回來了,今天一如往常的跑去指南路買晚餐發現人變好多，指南路二段自從疫情後再度有這種榮景。敬祝大家新的學期順利！,20,56
別什麼事都怪學校,雖然學校的行政效率的確有很大的改善空間，但常常看到版上無腦罵學校覺得學校也蠻可憐的，像這次遠距or實體的公告，被大家諷刺說只會原則原則，但除非教育部或其他行政機關有規定，要不然實體or遠距的最大主導權,12,40
剛剛在自7頂樓的女孩,剛剛在自7對我們打燈的女孩，有句話想對妳們說，但我們打在手機跑馬燈上但妳們好像沒看到，就是，.，.，.，要不要加入敝社？,16,25
有遠距和實體課的麻煩,如果某天下午D56的課是線上 78E是實體，就不能下午13：00在家看線上課因為16：00下課接著上另一堂課10分鐘的時間完全無法從家裡到學校….，目前想到唯一的辦法是下午13：00直接去學校看下午的,20,22
109 2排名出來沒,那個 大家安安，因為畢業生的全人已經不會再更新，所以要知道排名出來沒只能去學校印排名證明書，但如果還沒出來又不想白跑一趟，所以上來問一下各位，感謝,16,15
關於排名,大家好，之前有看過文章說低於九學分不會有排名，那想請問低於九學分的這些人，還會包含在總系級人數內嗎，還是會直接扣掉呢？例如一個系一百人，有20個人因為學分不足 沒有排名，那在算百分比的時候是用 名次/,6,14
行動政大怪怪的,我大一菜雞，剛剛點進去課表之後原本是顯示error，之後再試一次發現連結到別的地方去，有其他人也是這樣嗎？還是其實是行動政大正常發揮？,10,13
心理諮商推薦,有沒有人可以推薦我政大附近的心理諮商，最近好像又越來越低落，不會到想自殺 但覺得自己好沒用 什麼事都做不好，選不到課加簽不到課還有自己住好像是爆發點，我現在真的連爬文的力氣都沒有了，有沒有人可以好心告,9,13
行動政大的課表怎麼了,有人的行動政大點開來會直接跳到校務資訊系統嗎，大二了印象中是第一次這樣欸，這樣是正常的嗎,6,12
衛福部：本週起放寬室內進場人數符合場所容留人數,想實體上課的喜訊，想遠距上課的悲報，衛福部在本週公布解除室內人數限制，已經開始有80人以上的課通知實體上課（e.g：我的人文核通），據B3指正解除限制是指體育賽事那種，請大家留意一下，一、各場域管制調,7,10
SAS線上課程推薦 !,免費的線上課程 ！，如果大家在遠距期間還有空閒時間可以參考看看，也會更知道怎麼使用sas相關工具，推推，SAS是學校的全校授權統計分析軟體，可以直接安裝在個人電腦中使用。使用 SAS EG與 SAS ,1,9
太厭世怎辦,太厭世 看誰都不順眼 怎辦，厭世到底是政大的通病還是所有人的通病，為什麼我有個同學看什麼都加正向濾鏡 永遠有活力的樣子 羨慕（茶,19,9
各系畢業後五年發展,有鑒於現在社會醫牙電資的風氣，好奇學長姐們畢業後五年的薪水跟發展如何？還是醫牙電資只是鄉民的都市傳說？,30,9
一78E 金融理財與生活,想問有成功進去Google meet的各位，教授有得出人數上限的處理方式了嗎，上週運氣好提早進了，這週太晚直接被擋下來，而且記得後來他還加開到280人，我們該怎麼辦，直接等課後影片嗎🥲🥲,8,8
學分抵免,有人學分抵免還沒出來嗎，上禮拜打過去說禮拜一會弄好，今天打過去說晚上或明天早上會弄好，剛剛查了還是沒有，只能等明天的結果了，加退選只剩兩天耶，學校行政還好嗎,4,7
宿舍洗手間,學長姐好，我昨天才搬進宿舍，因為還不太熟悉宿舍，所以想請問這件事情是否正常。今天上廁所出來經過別的隔間時，看到有一個男人沒關門背對著我在小便，但是宿舍不是有分男女宿嗎？我看到的時候也趕緊跑（因為當時我,10,6
領袖社 妙天 金頭腦,各位今天搬宿舍的人，被要求停下來聽講解的，本校領袖社跟妙天有關，因為今年沒有社團聯展，所以才會在校園到處找人，活動是否參加自行斟酌一下,7,6
宿舍候補糾結中-自十v.s莊九,想問板上的大大們，我是今年碩班新生，剛剛候補到宿舍，現在有自十和莊九可以選擇，但是我遲遲下不了決定，想請大家給我一點意見，謝謝，第一次在校版發文，麻煩鞭小力點。自十，優點：看起來比較新、套房、環境清幽,14,6
課程查詢系統是不是壞ㄌ？,剛剛要上學校的課程查詢系統查老師的教學大綱，結果發現都沒辦法用⋯，是只有我的壞了ㄇ，還是大家也都不能用🥺,4,5
楊芳賢老師　課程,今天終於上到第一堂民概，但進入會議室後，聽起來完全就是錄音檔，老師也沒介紹課程評分，不懂為甚麼不直接上傳youtube給我們錄音檔連結，要這樣聽...，還只是音檔，沒分享螢幕，也看不到老師，要自己翻講,24,5
一億元實驗,白色房間…看你進去能待幾分鐘？ - Dcard,2,5
教授有什麼懲戒或退場機制嗎,如題，從以前到現在時常耳聞一些教授誇張的行為舉止，甚至是明顯不適任教學，但是不管如何，這些教授都不大會出事欸？教授沒有所謂獎懲機制？爛教授就讓他留在系上荼毒學生嗎,7,5
社會統計 陳信木,學長姐好，我是今年的大一新生，想問學長姐該不該退掉陳老師的社會統計，聽很多學長姐說這門課不好過，而且R的作業量很大，加上老師說今年沒有TA，這樣會不會要花很多時間在上面呢，另外我也有想要雙輔的打算，繼,5,4
現在還有哪些宿營還沒停啊,現在疫情好像比較好了欸，連KTV都可以去了，那現在還有哪些宿營還沒停啊,3,4
打完疫苗體育課怎麼辦,大家打完疫苗體育課會乖乖跟著跑來跑去還是告訴體育老師打完疫苗不能激烈運動呢，我看很多注意事項都是兩週內不能激烈運動的，但老師們應該普遍不能接受學生兩週體育課都不運動吧,4,4
有很多外籍生的社團,如題，在學校常看到很多外籍生，其實一直很想認識他們，覺得有種 在日常能跟他們用英文對話這樣是種酷酷的感覺（ ´▽｀），想問有什麼社團是有很多外籍生的呢！，（除了僑生社跟外籍生志工，目前推薦的有：瑜伽社,13,4
李寶莉 選修英文：學術聽說訓練,今天遞補上這堂課，請問老師第一周有交代什麼功課嗎，謝謝！,3,4
刑事訴訟法 何賴傑,請問明天是實體還是線上啊，心好累 每堂課規定都不一樣，同學讓我問個，感覺我想休學了,6,4
［問］彼拉提斯（呂潔如老師）,如題，剛剛發現自己遞補上這門課，請問老師前幾堂課有說什麼嗎‍️‍️‍️，並且想問，老師這禮拜是採取線上還是實體教學？（感謝大家，附上祭品貓貓,9,4
徵keynote advanced,徵一本，書的新舊mail照片聯繫，價錢可議。可以的話我等等在下面回覆mail。謝謝,1,4
楊素霞 日本歷史  一56,大家下午好～請問有修這堂課的同學，明天是線上上課還是實體呢？因為這堂課的預收人數剛好為80人，感覺這個人數有些尷尬，不知道上課方式究竟為何，目前也沒收到老師的來信。先謝謝大家解答‍️,3,4
想請問郭昕光的「國際關係理論與現勢」明天怎麼上課,第一週上課的時候我有填老師給的加簽表單，但老師都還沒通知加簽名單🥲明天上課不知道是實體還是線上？想請問選上的同學老師有公佈了嗎？p.s有沒有其他也是加簽的朋朋，你們有收到通知嗎？感謝,3,4
一78 生活中的經濟學,陳心蘋老師怎麼只上到快5點就讓我們下課了🤣請問是後面那一小時不用上課的意思嗎？我以為這種情況只有第一堂會這樣耶🤣,1,3
轉發 輔大青韻獎資訊！,大家好！，我們是輔大青韻獎，.，什麼是青韻呢 （ •᷄ὤ•᷅）？⬇️⬇️⬇️，青韻是一場學生自主發起的音樂性比賽，今年青韻已經要迎接第44歲生日啦～🥳，我們會在輔大舉辦青韻市集&音樂比賽，包辦給你視覺、聽覺、味,0,3
麥當勞是在整修還是要被拆了,如題，我們已經要邁入下一個等級的沙漠了嗎？,23,3
達賢圖書館,小大一請益，達賢裡面能喝水嗎？我查到的都只說不能喝飲料吃東西，好像沒說到能否喝水，有沒有人能幫我解答一下感謝,7,3
為什麼新加坡疫情攀升,新加坡疫苗覆蓋率超過八成，為什麼防疫鬆綁之後疫情還是這麼嚴重？相比之下台灣疫苗覆蓋率低，目前的疫情控制住了算很厲害？政大逐漸要實體授課了 應該不會再發生一波疫情吧🤨,6,3
教室可以吃東西嗎？,如題，想請問現在教室內可以吃東西嗎？（50人以下的課），印象中之前是說不行，但真的好不方便啊QQ,4,3
（問）羅清菁 大學外文(一)：法文,如題，剛剛發現自己遞補上這門課，請問老師前幾堂課有說什麼嗎‍️‍️‍️，並且想問，老師這禮拜是採取線上還是實體教學？（獻上祭品貓貓,3,3
金融，理財與生活 方中柔 一78E,想問一下有沒有人收到這堂課是要遠距還是分流之類的嗎🥲,7,3
語言與文化：以美式英文為例,不好意思大家，因為我是遞補上的，第一堂課沒有跟到，發現老師有說要預習上週四寄的兩篇文章，但我沒有收到（那時還未選上）有人知道是哪兩篇嗎？？謝謝～真的不好意思浪費大家時間🥺 謝謝～～,15,3
機車停車地方,因為明天就要實體上課了所以有點緊張><想先來問清楚停車方面的事情，1.請問達賢的機車入口是這裡嗎？（左邊），2.請問抽水站旁停車場是這個嗎？謝謝大家的回答！,11,3
徵二手書,如題  在二手書社團上沒找到，徵兩本英文課本,0,3
機車停車證要更換了,如題啦 偉哉學校 每天發廢文群組信，但是真正重要的訊息：今年停車證改成線上申請，而且舊的已經被停用。完全不告訴你。發個公告減少我走到駐警隊問的時間不是很好嗎？還是哪裡有公告？ 拜託拿來打臉我政大行政有,9,3
大學英文一上課方式,不好意思，請問有人知道林翰儀老師明天D56英文通識的上課方式嗎……，是要實體上課還是線上上課ㄚ？謝謝大家,6,2
二234攝影與文化實體還遠距？,我是遞補上的同學，有沒有修這堂課的可以回覆一下呢？謝謝,1,2
法文（一）羅清菁 三D56,今天才遞補上這門課，請問老師前兩次上課有說什麼重要的事嗎？這禮拜三的課是實體嗎？謝謝,0,2
三34 體育-拳擊 課程群組🆘 🆘,前幾天遞補上三34的體育拳擊，結果從體育室的資訊中找到的群組QR code卻是顯示不存在的群組QQ，已經寄信和用line詢問老師結果都沒有回覆⋯有沒有人知道是怎麼回事呢？ ಥ_ಥ,2,2
#問 萬興國小停車,想請問萬興國小有每日最高收費上限嗎，我太蠢沒做好功課沒有事先申請好學校停車證QQ只能都停在那了…，另外也想請問停車證從繳費到能領證大概需要幾個工作天，讓我能預估一下我得噴多少錢🥲謝謝,8,2
五56 歐洲政府與外交政策,今天發現遞補上湯紹成老師開的這門課！，前兩週都沒有上到課🥲，剛爬一下文除了，講義到鴻明影印購買，請假e-mail，第一堂不點名，還有未來會以什麼方式上課以及有什麼需要注意的～感謝留言幫忙ಥ_ಥ,3,2
盧敬植 財務管理,不好意思，今天進教室的時間晚了一點點，想請問老師前面有沒有說下禮拜的注意事項跟上課方式！，感激不盡！！,2,2
洪兆承刑法無法進入,問一下老師的google meet 是不是沒開，還卡在外面的樣子XDDD,8,2
借書預期還,如題，有人知道如果在政大圖書館借書，預期了會發生什麼事嗎？我的期限到今天，但今天不會去學校，用學校圖書館網站選延後還，卻說錯誤不能使用....,9,2
詢問「二D56 住宅問題與政策」課程事項,剛好第一週沒選上課程，想請問江穎慧老師的「住宅問題與政策」這堂課第一週有沒有提到什麼注意事項，以及第三週以後的上課方式（目前還沒看到 WM5 上面有公告），感謝回覆,2,2
二78E風土、餐桌與台灣史 第一週課堂事項,今天發現自己遞補上這堂課，請問有上這堂課的同學 老師第一堂課有交代什麼注意事項或是已經分組了嗎？看課程大綱有看到一個作業 想問一下具體要做什麼以及繳交方式 謝謝大家！,1,2
#免費 #大學生&社會人士 伴侶溝通工作坊,「讓每一天的爭執，不再摧毀感情，而是成就親密。」哈摟政大同學&校友們，我們是Enlation團隊，致力於修復大學、研究生的親密關係。因為大家的無私分享，#情侶溝通工作坊 終於誕生啦~，這是一堂開放給所,3,2
政治學 孫采薇老師（已解決）,更 老師回覆我了～是遠距沒錯ㄛㄛ！！，-，急 請問一下明天上課是影片放moodle不同步嗎？？我加簽的時候老師是這樣說的，但現在學校說可以實體了，不太確定是否還是遠距？我沒有相關資訊因為還沒被加進去m,2,2
廖文霖 大腦與我,今天才遞補上這堂課，請問有同學可以告訴我前一堂課講了些甚麼嗎，然後明天是遠距還是實體，如果是遠距可以貼連結給我嗎？非常感謝！！！,1,2
第一銀行領錢去哪裡,室友是辦第一銀行帳戶，不知道是要去哪裡領錢？？？請知道的人告訴我～謝謝！,9,2
外送,請問有人知道現在外送能不能進入校園嗎，住在山上宿舍很想叫外送，爬過文了但學校的政策看起來常常變動，不知道現在狀況如何所以才上來發問，謝謝大家,6,2
西方眼中的中國與台灣,剛才發現自己遞補上這堂課了，但前兩週的課都沒上到，請問教授有講什麼注意事項嗎（；´༎ຶД༎ຶ`）,0,2
生活中的經濟學  陳心蘋,請問有修過這門課的同學嗎？課本一定要買嗎？另外想問有沒有改實體，謝謝,7,2
林怡伶程式設計一 一56,我是外系生想要加簽，因為寄信給教授之後沒有收到回覆QQ，所以來問大家知不知道，1.上課方式（實體or線上），2.給不給加簽，麻煩大家回答了 感激不盡QQQQ,2,2
請問楊芳賢 民法債編總論（二）上課方式,請問有人知道這門課明天要實體還是遠距嗎？到現在都還沒有消息。這門課超過80人，所以應該是會遠距，可是老師也沒有寄連結，如果有人知道麻煩不吝告知，感謝～,5,2
請假事宜詢問,問題1： 疫苗假證明要先交完請假單，再上傳到網路上？因為打疫苗當天才會有接種卡（也就是證明），所以請疫苗假的話，先跑請假單沒有證明是可以的嗎？之後再上傳到inccu的請假系統？那請假系統有開放上傳的時,8,2
台語文學與台灣文化,大家不好意思，這堂課的前兩週都上了些什麼，今天發現遞補上了，完全不知道前兩堂課有什麼內容,1,2
方孝謙傳播概論,請問有人知道禮拜二是實體還線上嗎,3,2
二234吳秦雯基本權,今天一看才發現自己遞補到了，想問老師前兩堂有講什麼 以及目前課程的進度之類的！超級感謝！,4,2
請問微積分pdf版解答在哪裡😅,不好意思…，為什麼我找不到解答啊，應該是要有奇數題答案才對（？還是要另外買嗎,8,2
下禮拜上課方式,下禮拜到底遠距還實體？學校真的沒有要通知的意思欸,5,2
問 余民寧 教育統計學,第一堂課因為有事情所以沒去上課，所以請問各位帥哥美女，余民寧老師的教育統計學這堂課，老師有說下禮拜的上課方式是實體還是遠距嗎？這堂課有分組嗎？上課用書有一定要買嗎？老師還有沒有說什麼其他重要的事呢？祝,2,2
全校課程查詢系統 當掉,剛剛想查課程的資訊，結果在一陣轉圈圈之後就跑出了這個畫面，不管幾次都一樣。有人也遇到這個問題嗎？,2,1
金成隆 中會三,不好意思，由於小弟到現在還沒被系統加進課程（老師有回信同意加簽），所以有些訊息可能沒收到，金教授又基本不看信箱...，想請問一下幾個問題：1.這周的正課是實體還是線上？2.請問助教課開始了嗎？如能回答,3,1
不住宿舍能寄信到學校嗎？,如題，這學期不幸沒能抽到宿舍，租屋處之前兩次收掛號信都收不到（我都在租屋處，完全沒聽到郵差喊人的聲音），想請問有沒有人知道非住宿生能不能寄掛號信到學校代收，如果可以的話，是寫學校地址＋收件人就好嗎？需,6,1
問個很蠢的問題,我是個超級生活白癡，想問政大宿舍投幣洗衣機的使用步驟是什麼，還有是先投幣再操作嗎？因為google都查不到,6,1
法學素養 詹鎮榮,剛剛發現遞補上，請問第一堂課老師有說哪些重要的事嗎？下禮拜一有要實體上課嗎？謝謝,3,1
請問選課遞補序號1是遞補上了嗎？,大家好，現在選課的狀態顯示正常OK，然後遞補序號一是遞補上的意思嗎？抱歉第一次選課不太理解QQ，希望有人可以回答我 感恩,5,1
楊健威ETP寫作與口語訓練課程問題,如題，老師在moodle上傳訊息說moodle已上傳課程所需的資訊，但因為學分問題加退選結束後助教才能幫我灌檔，所以目前還沒被老師加進課程裡QQ 也看不到moodle的資訊，已經寫信給老師了但還沒得到,4,1
林宛瑩 高級會計學（一）,請問二D56的林宛瑩 高級會計學（一）明天上課方式是遠距還是實體呢？感激不盡！！,2,1
尋求幫忙,我是上一78楊芳賢的民概，剛剛老師傳錯連結，所以我前面的課沒上到，不知道誰有上課的筆記，或者老師有補充什麼東西嗎？請求幫忙,2,1
陳凰鳳 大學外文（一）：越南文,發現加到這堂課，想請問一下前兩週遠距老師有說什麼重要的事嗎，先謝謝願意回答的人,0,1
二12 謝明輝 初級桌球,想請問一下 有人知道明天是實體還是線上嗎？,6,1
一78 曾士榮分組,以下為分組連結，預計收4人，若超過4人，以填寫在前者為優先，待額滿後建立群組。,1,1
方中柔 理財與生活,剛才我點進老師給的google會議室連結，可是人數已經滿了，我要怎麼才能上到課呢？拜託，在線急,11,1
一78 民法概要 楊芳賢,請問有人知道這堂課的連結在哪裡嗎？用老師傳的google meet 連結但老師不在,19,1
東南亞人文與社會,不好意思現在正在上這門課的大家！方便分享上課連結給我嗎我課程大綱進不去，只有老師口頭同意加簽所以也沒moodle，完全不知道怎麼進去上課，求救嗚嗚,3,1
達賢圖書館外人可進入嗎,如題，請問達賢現在有開放外校學生進去嗎,5,1
企業評價上課連結,求企業評價一567的上課連結，我用老師給的上課連結進去一個人都沒有，也沒有收到換連結的訊息，霸託好人出手相助><,5,1
莊一中華電信網路,想問一下莊一住戶們最近中華電信的收訊是不是不太好？還是是宿舍位置的問題ಥ_ಥ,7,1
林禹銘 初級會計,今天4點的課有人知道要怎麼上嗎，沒收到通知所以是實體上課？,5,1
陳洸岳 民法物權上課方式,請問老師有說他要實體還是遠距嗎 感激不盡,2,1
二D56 西洋政治思想,請問有人知道郭立民這堂西洋政治思想史這個星期的上課方式嗎？我已經加選上，但沒有收到任何信件通知，謝謝大家,2,1
廖文霖大腦與我上課方式,拜託 希望有人可以告訴我（T＿T），今天下午就要上課了,3,1
一D56 初會一 金成隆,請問一下其他有修這門課的同學，這堂課是要實體上？？沒收到mail..,9,1
東南亞人文與社會,上次上課老師有說會幫大家從系統那邊直接加簽，但我現在還沒被加進去 不知道是還沒開始作業還是我被漏掉了，想問有選上這堂課的人 今天是遠距上課嗎？,12,1
可內用早餐店,大家早安，想問問前門的幾家早餐店哪裡可以內用呢？古早味不行，搞得我要帶著食物通車到打工地點再吃，快餓死了@@，謝謝大家,7,1
一56 木球初級,想問有人確定這堂課是實體還是遠距嗎？,2,1
姚維仁 初會 連結,我現在已經抱著這學期修不到初會的覺悟了QQ，但感覺這位老師的似乎還有渺小的機會可以加簽，想請問有修到這堂課的人，這堂課星期二會是遠距嗎，如果是的話連結在哪查呢，先謝謝大家了,3,1
洗衣機 棉絮,只要是在洗褲子或是有口袋的衣服是都會確認一下裡面沒有衛生紙，因為知道後續處理會很麻煩。不過今天洗完衣服發現衣服上有很多棉屑（但自己也沒有用洗衣網，所以其實算是活該），想問問大家有遇過這樣的問題嗎？或者,2,1
二78E風土、餐桌與台灣史 第一週課堂事項,今天發現自己遞補上這堂課，請問有上這堂課的同學 老師第一堂課有交代什麼注意事項或是已經分組了嗎？看課程大綱有看到一個作業 想問一下具體要做什麼以及繳交方式 謝謝大家！,1,2
Moodle可以看到網頁時間記錄嗎,如題，wm5有，所以不同步的課可以掛機放著，但Moodle有嗎,1,0
Re: 台北市文山區/弘大一號出口/長期外場工讀,,5,1
請問一78的視力保健上課方式？,想請問有選到這堂的同學老師有無寄信告知實體或遠距上課？教學大綱沒看到有寫，希望有知道的善心同學能告訴我感恩感恩,9,0
#免費 #大學生&社會人士 伴侶溝通工作坊,「讓每一天的爭執，不再摧毀感情，而是成就親密。」哈摟政大同學&校友們，我們是Enlation團隊，致力於修復大學、研究生的親密關係。因為大家的無私分享，#情侶溝通工作坊 終於誕生啦~，這是一堂開放給所,3,2
剛剛在自7頂樓的女孩,剛剛在自7對我們打燈的女孩，有句話想對妳們說，但我們打在手機跑馬燈上但妳們好像沒看到，就是，.，.，.，要不要加入敝社？,16,25
轉型期與近代東亞 上課方式,明天一78的這門課是用什麼方式上課呢？因為老師有信件答應加簽，但我不知道明天怎麼進行課程，因此想請教有上到這門課的朋友們幫個忙，謝謝,9,1
山上那麼多餐飲空間是怎樣,自九就6個還7個了，自十還有3，4個，結果真正來的餐廳也才3，4個，不能拿來規劃更好的東西嗎，或是認真點招商之類的WC,8,1
刑事訴訟法 何賴傑,請問明天是實體還是線上啊，心好累 每堂課規定都不一樣，同學讓我問個，感覺我想休學了,6,4
二78  石原忠浩 戰後日本外交史與經濟外交,RT，請問這堂課有宣布遠距or實體了嗎？已經寄信問助教了~，上來確認一下484自己沒收到信，求好心人解惑，祝平安喜樂,6,1
政治學 孫采薇老師（已解決）,更 老師回覆我了～是遠距沒錯ㄛㄛ！！，-，急 請問一下明天上課是影片放moodle不同步嗎？？我加簽的時候老師是這樣說的，但現在學校說可以實體了，不太確定是否還是遠距？我沒有相關資訊因為還沒被加進去m,2,2
心理諮商推薦,有沒有人可以推薦我政大附近的心理諮商，最近好像又越來越低落，不會到想自殺 但覺得自己好沒用 什麼事都做不好，選不到課加簽不到課還有自己住好像是爆發點，我現在真的連爬文的力氣都沒有了，有沒有人可以好心告,9,13
一78E 程式設計概論,如題，剛發現自己遞補上這門課。想請問各位有修課的大大，有公布明天是實體or遠距嗎？,5,1
廖文霖 大腦與我,今天才遞補上這堂課，請問有同學可以告訴我前一堂課講了些甚麼嗎，然後明天是遠距還是實體，如果是遠距可以貼連結給我嗎？非常感謝！！！,1,2
太厭世怎辦,太厭世 看誰都不順眼 怎辦，厭世到底是政大的通病還是所有人的通病，為什麼我有個同學看什麼都加正向濾鏡 永遠有活力的樣子 羨慕（茶,19,9
翁嘉祥 四D56 初會,發現自己遞補上了翁老師的初會，想問一下老師上禮拜有沒有說什麼，像是考試如何進行、TA課什麼的。另外也想問問看一些上過的人對這堂課的評價，尤其英文授課的部分，是否會因此很難吸收呢，謝謝～,2,1
109 2排名出來沒,那個 大家安安，因為畢業生的全人已經不會再更新，所以要知道排名出來沒只能去學校印排名證明書，但如果還沒出來又不想白跑一趟，所以上來問一下各位，感謝,16,15
四D5 衛生保健,抱歉打擾各位，小妹前幾天遞補上了這堂課，但上週沒有遠距連結所以沒聽到前一堂老師宣布的事情，不知道有沒有好心人課可以分享一下課堂規定跟上課方式等等注意事項呢，附一下祭品，［自然通］1091 傳統醫學概論,2,0
第一銀行領錢去哪裡,室友是辦第一銀行帳戶，不知道是要去哪裡領錢？？？請知道的人告訴我～謝謝！,9,2
有遠距和實體課的麻煩,如果某天下午D56的課是線上 78E是實體，就不能下午13：00在家看線上課因為16：00下課接著上另一堂課10分鐘的時間完全無法從家裡到學校….，目前想到唯一的辦法是下午13：00直接去學校看下午的,20,22
一78 吳高讚排球初級,請問明天上課是直接到體育館排球場嗎，目前都還沒收到老師的通知 想知道明天上課方式，有人知道嗎，————，更在 B11,11,1
自六同學有拿錯衣服的嗎,RT，我的衣服曬在4樓曬衣服那邊，但現在去看除了襪子外全都被拿走了，要是有同學拿錯的麻煩幫忙掛回去好嗎，感謝你！！,2,0
媒體素養 一78E,請問劉慧雯老師明天的媒體素養一樣是線上上課嗎？之後一直都是線上進行？,1,1
（問）羅清菁 大學外文(一)：法文,如題，剛剛發現自己遞補上這門課，請問老師前幾堂課有說什麼嗎‍️‍️‍️，並且想問，老師這禮拜是採取線上還是實體教學？（獻上祭品貓貓,3,3
［問］彼拉提斯（呂潔如老師）,如題，剛剛發現自己遞補上這門課，請問老師前幾堂課有說什麼嗎‍️‍️‍️，並且想問，老師這禮拜是採取線上還是實體教學？（感謝大家，附上祭品貓貓,9,4
金融，理財與生活 方中柔 一78E,想問一下有沒有人收到這堂課是要遠距還是分流之類的嗎🥲,7,3
政大糞校啊 學店跳板,,1,1
影印部/影印店請益,就在剛剛發現自己的隨身碟放在家裡ಥ_ಥ，但禮拜二就要用到上課的講義還沒印，想問大家如果去影印部或影印店裡，再從雲端硬碟抓檔案下來會被白眼嗎，有沒有推薦的影印店,4,1
語言與文化：以美式英文為例,不好意思大家，因為我是遞補上的，第一堂課沒有跟到，發現老師有說要預習上週四寄的兩篇文章，但我沒有收到（那時還未選上）有人知道是哪兩篇嗎？？謝謝～真的不好意思浪費大家時間🥺 謝謝～～,17,3
外送,請問有人知道現在外送能不能進入校園嗎，住在山上宿舍很想叫外送，爬過文了但學校的政策看起來常常變動，不知道現在狀況如何所以才上來發問，謝謝大家,6,2
大家都回來了,今天一如往常的跑去指南路買晚餐發現人變好多，指南路二段自從疫情後再度有這種榮景。敬祝大家新的學期順利！,20,56
西方眼中的中國與台灣,剛才發現自己遞補上這堂課了，但前兩週的課都沒上到，請問教授有講什麼注意事項嗎（；´༎ຶД༎ຶ`）,0,2
生活中的經濟學  陳心蘋,請問有修過這門課的同學嗎？課本一定要買嗎？另外想問有沒有改實體，謝謝,7,2
教授有什麼懲戒或退場機制嗎,如題，從以前到現在時常耳聞一些教授誇張的行為舉止，甚至是明顯不適任教學，但是不管如何，這些教授都不大會出事欸？教授沒有所謂獎懲機制？爛教授就讓他留在系上荼毒學生嗎,7,5
社會學陳宗文上課方式,如題，不知道有沒有其他有修這堂課的同學收到通知？,3,0
許政賢 民訴上課方式,如題，想請問板上有選這堂課的人知道是實體上課還是遠距嗎！都沒有收到通知是不是就是實體ㄚ🤣，（因為應該也有快100人 想加簽但不知道確切上課方式 麻煩大家回覆了 謝謝）,3,1
一下午 媒體素養,明天這門課有要實體嗎？都沒接到通知,4,1
機車停車地方,因為明天就要實體上課了所以有點緊張><想先來問清楚停車方面的事情，1.請問達賢的機車入口是這裡嗎？（左邊），2.請問抽水站旁停車場是這個嗎？謝謝大家的回答！,11,3
徵keynote advanced,徵一本，書的新舊mail照片聯繫，價錢可議。可以的話我等等在下面回覆mail。謝謝,1,4
徵二手書,如題  在二手書社團上沒找到，徵兩本英文課本,0,3
讓我無病呻吟一下⋯⋯,我是當初靠繁星進政大的人，當初剛進來的時候 會覺得自己好棒，讀了三年的書 獲得了還不錯的成績，進了還不錯的大學，當然一直到現在我還是很感謝當年的自己，不然就不會有現在的我了，雖然本科系錢途應該不多，但,41,221
一78轉型期東亞同學拜託請進,請問有人知道明天是不是實體嗎！我第一次沒有上到，但看課綱是要分組，想請問是要自己找嗎>< 不知道有沒有一年級的同學跟我一樣沒有認識的人🥲，謝謝！！,6,1
楊素霞 日本歷史  一56,大家下午好～請問有修這堂課的同學，明天是線上上課還是實體呢？因為這堂課的預收人數剛好為80人，感覺這個人數有些尷尬，不知道上課方式究竟為何，目前也沒收到老師的來信。先謝謝大家解答‍️,3,4
求解,下午時行政大樓前怎麼聚集那麽多人，是有什麼活動嗎？,9,1
關於排名,大家好，之前有看過文章說低於九學分不會有排名，那想請問低於九學分的這些人，還會包含在總系級人數內嗎，還是會直接扣掉呢？例如一個系一百人，有20個人因為學分不足 沒有排名，那在算百分比的時候是用 名次/,6,14
林怡伶程式設計一 一56,我是外系生想要加簽，因為寄信給教授之後沒有收到回覆QQ，所以來問大家知不知道，1.上課方式（實體or線上），2.給不給加簽，麻煩大家回答了 感激不盡QQQQ,2,2
請問楊芳賢 民法債編總論（二）上課方式,請問有人知道這門課明天要實體還是遠距嗎？到現在都還沒有消息。這門課超過80人，所以應該是會遠距，可是老師也沒有寄連結，如果有人知道麻煩不吝告知，感謝～,5,2
機車停車證要更換了,如題啦 偉哉學校 每天發廢文群組信，但是真正重要的訊息：今年停車證改成線上申請，而且舊的已經被停用。完全不告訴你。發個公告減少我走到駐警隊問的時間不是很好嗎？還是哪裡有公告？ 拜託拿來打臉我政大行政有,9,3
宿舍洗手間,學長姐好，我昨天才搬進宿舍，因為還不太熟悉宿舍，所以想請問這件事情是否正常。今天上廁所出來經過別的隔間時，看到有一個男人沒關門背對著我在小便，但是宿舍不是有分男女宿嗎？我看到的時候也趕緊跑（因為當時我,10,6
領袖社 妙天 金頭腦,各位今天搬宿舍的人，被要求停下來聽講解的，本校領袖社跟妙天有關，因為今年沒有社團聯展，所以才會在校園到處找人，活動是否參加自行斟酌一下,7,6
想請問郭昕光的「國際關係理論與現勢」明天怎麼上課,第一週上課的時候我有填老師給的加簽表單，但老師都還沒通知加簽名單🥲明天上課不知道是實體還是線上？想請問選上的同學老師有公佈了嗎？p.s有沒有其他也是加簽的朋朋，你們有收到通知嗎？感謝,3,4
別什麼事都怪學校,雖然學校的行政效率的確有很大的改善空間，但常常看到版上無腦罵學校覺得學校也蠻可憐的，像這次遠距or實體的公告，被大家諷刺說只會原則原則，但除非教育部或其他行政機關有規定，要不然實體or遠距的最大主導權,12,40
請假事宜詢問,問題1： 疫苗假證明要先交完請假單，再上傳到網路上？因為打疫苗當天才會有接種卡（也就是證明），所以請疫苗假的話，先跑請假單沒有證明是可以的嗎？之後再上傳到inccu的請假系統？那請假系統有開放上傳的時,8,2
台語文學與台灣文化,大家不好意思，這堂課的前兩週都上了些什麼，今天發現遞補上了，完全不知道前兩堂課有什麼內容,1,2
方孝謙傳播概論,請問有人知道禮拜二是實體還線上嗎,3,2
#詢問 近代臺灣歷史與人物 作業範本,不好意思，想問有修鄭麗榕老師的近代臺灣歷史與人物的大家有沒有把老師放的作業參考截圖下來QQ，本來以為自己有截了但怎麼找都找不到，只有簡單筆記作業條件有點怕做錯⋯，謝謝大家！,2,0
徵二手書,如題，徵下面兩本書，非常謝謝各位！已在蝦皮、二手書社翻過，都已售出，才來這裡發文，若有不當會再刪文，微積分，James Stewart， Daniel Clegg， Saleem Watson. Ca,10,0
二234吳秦雯基本權,今天一看才發現自己遞補到了，想問老師前兩堂有講什麼 以及目前課程的進度之類的！超級感謝！,4,2
請問微積分pdf版解答在哪裡😅,不好意思…，為什麼我找不到解答啊，應該是要有奇數題答案才對（？還是要另外買嗎,8,2
安九檯燈,在安九買檯燈結果打不開，到安九換了一次後，檯燈瘋狂閃爍之後依舊壽終正寢。是檯燈的問題還是我的問題？,4,1
三234 陳綉諭 閱讀與口語訓練,前兩堂課因故請假未到，剛剛看到第三週的教學大綱是選一篇文章跟大家分享（Pick one piece of writing to share with the class. ）想請問老師有指定是什麼樣的,2,1
下禮拜上課方式,下禮拜到底遠距還實體？學校真的沒有要通知的意思欸,5,2
各系畢業後五年發展,有鑒於現在社會醫牙電資的風氣，好奇學長姐們畢業後五年的薪水跟發展如何？還是醫牙電資只是鄉民的都市傳說？,30,9
問 余民寧 教育統計學,第一堂課因為有事情所以沒去上課，所以請問各位帥哥美女，余民寧老師的教育統計學這堂課，老師有說下禮拜的上課方式是實體還是遠距嗎？這堂課有分組嗎？上課用書有一定要買嗎？老師還有沒有說什麼其他重要的事呢？祝,2,2
宿舍候補糾結中-自十v.s莊九,想問板上的大大們，我是今年碩班新生，剛剛候補到宿舍，現在有自十和莊九可以選擇，但是我遲遲下不了決定，想請大家給我一點意見，謝謝，第一次在校版發文，麻煩鞭小力點。自十，優點：看起來比較新、套房、環境清幽,14,6
蔡炎龍老師微積分甲跟課,請問有修課的同學，老師有寄信說明實體授課之後的上課方式嗎？我沒有修此堂課，但想跟著老師放在 youtube 的影片學習，但不確定老師之後是否會持續採用錄影的方式。,2,1
周玲臺 初會上課方式,請問大家周玲臺週二初級會計的上課方式ಠ_ರೃ？是實體還是線上上課呢？助教到現在還沒公佈……,2,1
經濟學 一D56 吳文傑 上課方式,想詢問一下各位，這堂課明天會是實體還是遠距的上課模式呢？ 沒查到相關訊息有點焦慮,3,0
退選要通知老師嗎,我灌檔了A老師的X課（必修）但因為一些私人的原因沒有辦法出席實體課 所以之前就寫信問過他會不會同步遠距 他的答覆是不會，那如果我退掉換成B老師的X課後（能同步遠距）需不需要知會一聲A老師？沒有的話會不,8,5
超長的地震,剛剛經歷了一場超久的地震 靠直接被震醒,20,60
室友根本鼾聲轟炸機,大家好 我今天第一次體驗被打呼轟炸6小時，我12.上床 一路聽他打呼到現在（持續中，我睡一下下就被吵醒 反反覆覆起來了7、8次，有沒有什麼方法可以解決這個問題，（或解決產生問題的人，我決定今天要去買耳,17,14
黃琴堂 基礎法學導論是遠距嗎？,想請問大家，老師有說這堂課之後都是以遠距上課嗎？可能是我上課不認真漏聽了QQ,4,1
抱睡,政大ㄉ大家有抱睡的對象嗎，不管是朋友情侶或純抱睡的朋友，天氣快變冷了，感覺越來越適合抱睡了呢！,41,25
國貿理論與政策 下週上課方式,想問一下大家，週一國貿理論與政策是還是持續維持非同步遠距嗎？因為一直沒有收到信,2,3
二78 醫療與生活呂志得第一堂課！,如題想知道第一堂老師上了什麼，因為大一菜雞找不到第一堂課的連結⋯，感謝各位ㄌ,2,0
社團請益！,想問問各位學長姐，政大的toastmasters真的有英文口說不太行的人加入嗎？想加入練習英文但又怕程度跟別人差太多Ó（ ° △ °|||）,17,12
政大的蚊子,乳提，政大的蚊子到底想怎樣！，住山上宿舍ㄉme只要在可能有蚊子的地方，就會瘋狂抖動自己的手腳防止被咬，剛剛上廁所的時候，竟然反而是臉被咬了，乾心情真的有夠差的！，而且不知是什麼鬼蚊子 咬了都要很久才會,5,9
校內抽菸要跟誰舉報,如題，受夠校內抽菸了，拜託各位告訴我該像誰檢舉（◐‿◑）,9,6
楊瑞松 文明發展與歷史思維,我是今天剛遞補上這門課的同學，請問一下目前上課是都遠距上課，因為課程的人數超過80人應該要全面遠距，還是會採用分流方式上課（一半線上 一半實體），再來，有關課程大綱內提及的平時成績中的報告是指期中的讀,0,5
化妝男/女生請進,5月之前在校園幾乎都會化點妝，除了搭車、圖書館之外幾乎不用戴口罩，但現在變成去哪裡都要戴著，天氣又爆熱（政大可能還會常常下雨的情況下），你們還會想化妝嗎，如果化的話 會只化上半臉還是一樣全妝，雖然我素,23,20
一D56 經濟學 胡偉民,這堂課預收120人，老師有說要不要遠距了嗎？ಠ～ಠ，我只有收到一個叫重點提示（？的檔案,5,3
詢問 ［郭昕光 國際關係］9/28上課方式,遞補上郭昕光教授的國際關係，不知道下週二是實體或是遠距上課（寄信給教授都未收到回信⋯）希望有課堂上的同學能告知，感激不盡,10,2
生活中的經濟學,昨天剛遞補上周德宇（一CD四78）的生活中的經濟學，但沒有收到郵件、Moodle和wm5上也都沒有顯示這堂課，想請問9/27中午有TA課嗎？另外問問上課方式，感謝！,2,2
政府會計課程詢問,如題，想請問有修這門課程的同學們，老師前兩週的課程大概有什麼重點嗎🥺，拜託有修課的人們幫幫我，因為昨天才收到同意加簽的信件，謝謝大家 感激不盡…,4,0
政大網頁有壞掉嗎？,點了政大圖書館、inccu、活動報名、學務處網站、課程查詢，都沒有回應，是不是政大網頁又掛了？,4,1
財政學 陳香梅教授,請問講義的密碼是什麼，社團跟teams都沒寫，求助,5,1
學校帳號色色?,圖片網路上看到的 忘記圖源，真的會被抓？,31,48
"詢問 前兩週課程內容
黃遵誠「長期照護與健康產業發展」四78",剛剛上選課系統，很幸運的遞補上了這堂課（原本我都不報希望了🥲）。但前幾天都沒有被遞補上， 所以就沒有去上課。拜託有修這堂課的同學可以告知一下這兩周的上課內容，謝謝！，也祝福大家選的其他課程有選都能上，,9,1
#問 陳鎮洲個經下週上課方式,選上的同學大家好因為我剛遞補上，可以請問一下 下週上課方式是遠距嗎～？還是有拆成2班上課呢？謝謝大家希望你們歐趴,7,2
陳佳琦老師的大學英文（一）,最近小弟遞補上了這堂課，想問第一堂課老師有特別交代什麼嗎？還是有什麼需要注意的,5,0
在宿舍開冷氣開多久,想知道大家在宿舍開冷氣都開多久，我是那種只要待在宿舍就一定要開冷氣的人，這樣會是少數嗎🤣，我課超級少一週不到20堂，這樣要多付多少錢比較合理呀，還有大家都是什麼時候開，1.睡覺才開，2.整天開，3.白,22,7
地方創生入門 官大偉、戴秀雄,我9/24看錯課表時間 所以沒上到課⋯⋯，想問有修這門課的同學 第一堂課發生了什麼！！，有需要分組或幹嘛嗎，寄email給教授都沒有回覆 求好心人救我,7,3
加退選 假日,如題，今天會分發嗎？,22,6
(已經試過尋找依舊沒答案)想問一下有人修過徐嘉惠老師的課嗎?,徐嘉惠老師的語言學，想問問評價如何，會很硬嗎？,0,1
四78E 大局：紛擾時局背後的地理，貿易與政治成因 司徒文,這兩天意外發現遞補上了這堂課，想問一下選這堂課的同學，第一堂課教授有講什麼重要的事嗎或是感覺loading會不會很重？看了大綱和moodle感覺內容很充實，但好像是新的課所以沒有評價。拜託大家幫忙解答,5,3
選課問題,初選沒上寄信給教授，教授回覆加簽已滿只能等加退選，卻詢問我第一堂是否願意到，這樣我是不是還有機會（；´༎ຶД༎ຶ`），（目前遞補序號在98，幾乎排在倒數），身為大一小菜雞想請問學長姐有沒有遇過這種情況,8,0
大腦與我廖瑞銘,遞補到這門課，想問前兩週有上什麼嗎！，另外 這禮拜四是恢復實體上課了ㄇ，感謝大家,6,1
哪裡的抽菸猴,抽菸真的沒關係，先不說宿舍本來就禁菸，到底哪來的白痴在自十C洗衣機旁邊抽煙還不會把自己垃圾帶走？水準有夠低,24,38
賴廷緯 貨銀,剛剛才發現我有遞補到這堂課，想請問大家賴廷緯老師在前兩週的上課的時候有提到什麼嗎？謝謝！，附個祭品：風水、建築與環境很涼，只要寫心得基本上都能拿到80分以上。,4,0
三78 近代台灣人物,被遞補上了，想請問有上這門課的各位，前兩週上了什麼/為什麼會退選o.o,21,3
政大有這種猴嗎,,5,7
學校附近健身房+教練 推薦,各位學長姐好，今年剛入學，想要培養健身的好習慣，因為想要有體系地健身，想要找教練，所以先排除政大自己的健身房了，想等有基礎了再回學校練，不知道學長姐有什麼推薦的健身房或教練,9,3
多媒體與程式設計軟體 李博逸,發現自己遞補上了這門課，可以請問有上過的同學，前兩節課老師上了什麼嗎，目前大家上起來感覺怎麼樣呢，因為這好像是新的老師，所以網路上找不到評價，謝謝大家了！,3,0
五234 勞工問題研究,剛剛發現遞補上了這堂課，可以請問一下修這堂課的同學們，前面兩堂課教授有說了什麼，或有什麼需要注意的嗎？,0,0
慢速壘球初級 王清欉,我是剛遞補上的同學，在教學大綱上看到第二週有寫到「分組」請問是老師請各位已經分好組了嗎？,2,2
貨幣銀行學 張興華or方中柔,如題，想請問各位修過貨幣銀行學的可以大概講一下這兩個老師的優劣之處嗎，爬完板上的文知道兩位都是好老師，而且遞補名額剛好也都快遞補到了，想參考各位有修過任何一位老師的課的意見。謝謝，（分數、需要花的時間,16,1
二78 金想容 日本社會與文化詢問,各位好，剛剛看選課系統發現遞補上這門課，又看到課程大綱說第一堂課好像有分組，想問有修這堂課的人可以說明一下第一堂課做了什麼嗎？先謝謝大家（ ꈨຶ ˙̫̮ ꈨຶ ）,4,1
暑宿退費,之前升三級，解除之後學校發信是說，暑期住宿費用待宣布解除三級警戒後，現住生將依週數比例酌予退費，請問有人有收到退費了嗎？目前只有收到1000元保證金的退費,8,5
楊一逵 國際關係,小弟是大一新生，今天發現自己遞補上楊一逵老師的國際關係。因為前面兩堂課都沒上到（第一堂是開學前，第二堂是加退選當天根本沒預料到會上🤯），因為版上找不太到相關資訊，所以想請問有上到前面兩堂課的同學，老師,2,2
五78足球中級（男女合班）林培元,大家好！我剛剛發現遞補上這門課，想請問有上這門課的同學老師前兩週大概上了些什麼？有交代重要的事情嗎？謝謝大家：）,3,1
請簽到,重音！！重音！，你學不好是因為回去沒有唸三小時！，這題為什麼錯！你是不是都沒有唸出來！，星巴克不是restaurant！，這個要變第幾格？ 三！五！你用猜的蛤 要不要六格全猜一遍，你在講什麼啦！！，叫,22,66
三56林貴彬足球,昨天發現遞補上了，原本不抱希望 因為我遞補序號好像是11🥺，所以前兩週的課都沒上到，想問老師有講什麼重要的事嗎 還有課程規定之類的？然後想問大家為什麼會退選啊 ？（雖然我遞補上了很開心 但因爲我這個時,9,1
打工詢問,最近在找打工的機會，想請問一下大家，有哪些工讀是會踩雷的呢？,4,2
周志煌 孟子,剛遞補到這堂，想請問上週上了什麼 有作業嗎～感謝各位的大恩大德,3,1
遞補上了卻心慌慌！,第一次發文請見諒有不足的地方，是今年的大一新生，剛剛發現遞補上了黃厚銘教授「社會學動動腦」這門課。昨天有課程說明，但因為原本遞補序號超級後面，所以不抱期待…就沒去參加。沒想到剛剛查的時候竟然上了！，在,12,8
請益！台聯大學生至圖書館借書辦法？,我朋友是台聯大系統學生～想要到政大圖書館閱覽書籍～但是我上網看到現在圖書館好像不開放校外人士？（是否連台聯大學生也不開放？）又如果沒有限制台聯大學生進圖書館，那換證手續一樣如舊向櫃檯換證嗎？拜託知情者,6,5
五D56陳綉諭老師,今天早上發現大學英文（一）換課到陳老師，請問昨天上課的同學有上了什麼內容以及作業呢🥺或是老師上課有沒有留錄影可以看？先謝謝回答！！,18,1
英文 金嘉炘/賴宇彤,如題，昨天遞補到金嘉炘老師的大學英文（一），同時賴宇彤老師的課變成遞補序號1，感覺也很有機會遞補成功，在考慮要把金的課設定成不保留，讓賴的課能遞補上，還是上金的課。因為想雙轉，所以我的判斷標準是以甜度,21,2
一56 健康管理專題講座,今天起床發現這堂課我被遞補到了？！，（我原本遞補序號快到200欸好神奇），總之，不知道老師第一堂有沒有說什麼注意事項，麻煩有上第一堂的人幫忙解答，先謝謝大家了,3,0
騎機車回桃園,平常搭大眾運輸工具都要花2個小時才能到家，真心累，後方發現原來政大離桃園騎機車超級近，只要1個小時，想問有同學會自己騎車回桃園嗎？ 我看導航路蠻小條，晚上騎不知道有沒有路燈，還是建議我從新莊市區騎回桃,19,6
拉丁文 區立遠,今天有幸遞補上了這堂課！想請問一下同學們前兩週的上課內容以及有什麼作業？爬文看到說老師會寄課程連結和教材到mail，那我是不是要自己先寄信給老師拿教材？感謝答覆！,4,1
一78E 劉慧雯的媒體素養,看不懂選課系統，意外遞補上這門課把原本的課蓋掉了……，本來是看教學評價感覺老師很棒才加清單，結果剛剛想找有沒有人問過這門課前面幾堂做了什麼，看到劉老師以前的評價發現大家都不太推QQ，不過評價都是201,6,1
包裹,不知道有人是最近寄包裹上去的嗎？請問莊九會不會擋包裹 無法幫忙代收？（補充一下我是使用黑貓），因為我填完地址才想到我還沒入住⋯，26號我才搬上去住⋯，想知道最近情況如何，明天會再打去問！，謝謝大家,8,2
二 D56周玲臺 初會,今天剛遞補上這堂課，請問老師有宣布什麼重要的事嗎？看先前文章好像要考第一章，但今天來不及買書，書城明後天又沒開，腦袋愚鈍的我沒辦法在一天內念完啊！，希望有好心的同學可以私訊我第一章的內容，祝同學遞補全,9,4
等不到老師回信,星期四有寄信給張凱隆老師，但還沒得到回覆，是不是信件太多被漏掉了，還是他根本就不想回我，請問一般來說等幾天沒回就要重寄呢？寄第二次老師會不會覺得很煩...,8,1
詢問有關加簽的問題,我在其中一堂課透過寄信得到了加簽許可，但還沒有被加進WM5裡面，可是老師的通知都是放在那上面，不會個別寄信，所以很怕錯過老師的通知跟公告。之後寄信問老師這方面的問題，他說要等我完成加簽程序後才能把我加,3,1
綜合體能訓練 吳家慶,如題 想請問修這門課的同學線上上課的方式、老師是否還開放加簽嗎，因為老師一直遲遲沒回我信嗚嗚嗚嗚，拜託了🥺,2,0
玩社團最重要的事是？,乳題，參加過政大大大小小的社團，看盡了社團的百態，不得不說社團就像個迷你的公司，存在爾虞我詐勾心鬥角也很正常，幹部之間發生爭執也是屢見不鮮，但也很難說誰對誰錯，大家都各自有對社團的期待與做法，你各位覺,3,4
要實體還先線上？,請問政大的各位有修蔡炎龍的「成為Python數據分析達人的第一堂課」，教授是說9/27以後是實體還是線上阿？？,3,2
政大影印部營業時間,意料之外dcard和網路上都找不到影印部的營業時間QQ……但是小弟我明天才會搬宿舍又想在這兩天準備好禮拜一的教材，想請問影印部假日會開嗎？,11,4
數位遊戲與社會 林日璇,不好意思，由於今天才遞補上林日璇老師的數位遊戲與社會，想請問前兩堂課老師有沒有講什麼重點？分小組了嗎？以及之後的上課方式是什麼？感謝,2,0
宿網問題（已解決）,不好意思打擾大家了，請問一下我這台筆電zenbook13 win10的「區域網路」或「乙太網路」在哪裡？我找不到（；´༎ຶД༎ຶ`）這樣沒辦法手動輸入IP⋯，求解答謝謝大家了！,4,2
五D56 大學英文一 黃淑真,請問有好心人能告訴我今天老師有說要繳交什麼作業之類的嗎！！，我看moodle 上是有要交一篇自我介紹，因為去搬宿舍沒上到後半堂課，謝謝！！！,6,1
民事訴訟法（一）姜世明,今天遞補上這堂民訴，但第一堂沒有聽到ಥ_ಥ，請問各位大家老師第一堂說了什麼？然後接下來的上課方式是怎麼樣呢？維持遠距嗎～？,1,1
個體經濟學 溫偉任,請問有沒有上這堂課的同學可以告訴我老師之前大概上了什麼，剛剛去看發現自己遞補上這堂課 可是前面已經錯過兩堂了 好焦慮🥲，原本可以遞補上陳鎮洲老師的 所以前兩個禮拜都去上他的課，但今天遞補結束之後發現陳,5,3
請問林信助二234的經濟學在9/14有沒有上課？,我是近日遞補上這門課的學生，在教學大綱看到老師寫9/14日起透過網址實施遠距教學。想請問各位同學，老師9/14當天有沒有上課？如果有上的話，請問老師有沒有講這門課重要的事情？,4,1
民法總則用書,小妹為大一新生，民總老師是葉啟洲，剛好老師今年出版民總，而市面上還有陳聰富老師跟王澤鑑老師的民總，陳聰富老師的聽說較好入門，目前考慮先買陳聰富老師或葉啟洲老師的書，想請教各位學長學姐同屆意見 感謝,9,4
林翰儀教授禮拜二的英文課到底有沒有事前作業,課程大綱寫蠻多東西的，而且第一週因為中秋節的關係所以沒上到課…，有人知道上課事前有沒有需要做的（作業之類的）嗎…真的超級緊張的 哭啊,5,1
健康體適能 陳志威,剛剛遞補到這堂課 痛哭流涕（；´༎ຶД༎ຶ`），想問老師有宣布下週的上課方式嗎？謝謝大家,2,1
ㄧ78E 媒體素養 許瓊文,由於今天才遞補到，想請問有修此門課的同學，老師是否有寄信說明關於下週9/27的上課地點嗎？不確是否還是維持遠距呢？,1,2
楊力行 ㄧD56 心理學基本數位技能,由於今天才遞補到，想請問有修此門課的同學，老師是否有寄信說明關於下週9/27的上課地點嗎？不確是否還是維持遠距呢？,2,0
年輕人須具備的期貨知識,求求好心人分享ಥ_ಥ！，想問這堂課前兩堂有上了什麼嗎🥲，如果沒上到 會有很大的影響嗎ಥ_ಥ，因為寫信加簽老師沒有同意，也覺得自己序號很後面 不可能遞補上，結果今天遞補上了⋯⋯,12,9
#急 問政大附近比較好的租屋處,本人大一新生，因為抽宿舍候補很後面所以決定找房子，但現在有點晚了所以不知道哪裡有推薦的租屋處拜託救我🥺🥺🥺🥺,25,14
吳文傑微積分….,我是大一商院新生，很幸運有選到吳文傑老師的微積分，幾天前第一次上課，我都有先預習老師放在網路上的資料跟影片，也有先寫例題（有些會寫有些不會寫，但有至少自己做過一次），原本想說這樣應該差不多了，但是上課,28,9
蔡致遠老師的經濟學,不好意思來這邊提問，因為本來想加簽的經濟學跟一堂剛遞補上的課衝堂，想改加簽蔡致遠老師的經濟學，請問第一堂課老師有公布什麼重要事項或TA課時間嗎？謝謝,2,1
地政實務專題,因為第一堂有事情沒有到課想請問有修這堂課的同學，老師有說什麼重要事項嗎？（看了大綱，好像是以聽演講為主嗎？），因為沒有認識的人修這堂，所以上來發問，先謝謝大家祝大家選課順利！,2,1
(徵組員)年輕人須具備的期貨知識,想請問有修這堂課的朋朋有沒有人是還沒找到組員的，我們目前已經有兩個人了，希望可以再找到三位對於期貨有學習熱忱，願意投入時間的朋朋，可以和我們一起找到財富密碼，實現財富自由，如果有意願麻煩幫我在表單留下,3,4
物理學史與人類文明,不好意思，想請問各位學長姐、同學，因為我是候補上的，第一堂課並沒有上到，想請問老師有講什麼重點/作業/評分方式嗎？？另外，剛剛在moodle 看到有需要繳交分組報告，但因為我是大一，沒什麼認識的人選這,7,0
政大社團,我是今年大一新生，想問一下今年會辦類似什麼類似社團聯展之類的東西嗎？還是都要自己一個一個查然後自己報名？,13,7
一78探索海洋 筆記,諸位晚安，因為當初第一堂課老師遠距說明課程評分方式時，meet大爆表導致進不去，因此想問問大家老師是否規定遠距時要交的筆記是手寫還是打字呢？謝謝,2,2
系統是怎樣,昨天時間到了不關閉，現在時間到了不打開，怒！,6,1
選課系統怎麼了？,這這這……不是已經七點了嗎？系統怎麼還關著？昨天不分發 我已經夠錯愕了，今天直接把系統關了？有沒有人知情的透露一下，謝謝！,18,20
150人的課也可以實體嗎,剛剛看到國際貿易教授寄來的信，下週要實體，但人這麼多也可以ㄛ,18,8
莊二四樓小聲一點好不,每天在三樓聽你們拉椅子，跳來跳去還是怎麼樣的，好像有猴子住在上面欸，尊重一下好不好啊，宿舍不是你家欸,3,1
【2022 政大徵才月】招新截止倒數 2 天！,大家好！這裡是 2022 政大徵才月，距離招新報名截止只剩 2 天，任何院別年級只要對接觸職涯、籌辦活動有興趣，別錯過加入我們的機會！，徵才月隸屬於學務處職涯發展中心，於每年三月舉辦一系列徵才活動，包,0,13
為啥社團會問是否認識以前的社員,如題 是不是跟外面的公司一樣 有認識比較好進啊，誰能幫我解惑,5,1
在學證明驗證碼跑不出來！,為什麼沒有驗證碼！？？？我用了手機跟電腦都沒辦法！！，等等要搭高鐵了QQ，第一次那麼希望打驗證碼⋯,10,2
暫緩繳納註冊費用申請單無法列印,剛剛我進inccu的就學貸款申請，發現原本會跑出暫緩繳納註冊單pdf檔的地方不見了，下載不了，想請問各位這正不正常，感謝你們,6,0
必修科目沒有出現在 WM5 上,今天第一次上課才發現，有一門必修科目老師有開 WM5，但是我的 WM5 完全沒有出現這堂課，有沒有學長姐知道要怎麼處理ＱＱ,4,0
舊生進住宿舍,各位救命！，明天打算搬進宿舍，想說有一些表單要填寫，但爬了住宿組的網站之後，只發現要填寫健康關懷表，那如果家人會陪同一起搬宿舍，有什麼東西要事先準備ㄚ？拜託已搬宿舍的同胞教我一下ಥ_ಥ,15,6
卡 開告了,補字,64,23
#請益 中國文學史應用題習作篇幅,大家好，我是輔中文系的外院學生。在此之前沒有修過中文系的必修課，但有聽說過中文系的同學寫必修作業和考試都要寫很多。我這次是修侯雅文老師的中國文學史，第一週就有應用題習作的作業，正在書寫。但不知道篇幅需,9,2
可以發出聲音學語言的地方,RT，我是今年外語學院的大一生，而我是學語言一定需要發出聲音的人，像背誦時得邊寫邊唸、大聲唸來矯正發音與嘴形，但這樣在圖書館是不可能了，在宿舍也擔心打擾到其他室友，交誼廳又怕人來人往難以專注，想請問政,34,22
自我探索與心理健康課老師信箱？,請問同課的有曾心怡老師的信箱嗎，剛剛存錯，上網也查不到,2,2
文明發展與歷史思維 倪墨杰,不好意思，因為今天才遞補上這堂課，錯過星期三的第一次上課，想請問同學第一堂課上了哪些內容呢？感謝協助！！,5,4
可以退出etp嗎（已解決）,各位學長姐好，因為我的私人因素，想要退出etp，想請問有沒有先例可以為我解答！，然後還想請問附圖，假如我直接退選「寫作與口語訓練（一）」是行得通的嗎？感謝大家的回答！！！,8,1
#問卷幫填 抽1000元禮券,嗨~大家好，我們是玄奘大學應心系的同學，目前正在撰寫畢業專題和朋友借帳號發文，我們的研究主題是，「不同分流型態對於大學生的自我統合跟學習幸福感的影響」想請政大的大家協助填寫問卷！，請各位發揮愛心幫幫忙,0,2
還在等老師各自公布的請+1,先說我覺得實體沒什麼不好，最好是給我全實體 完全支持，但有幾堂課老師說他考慮要不要遠距 一直考慮到現在都沒有動靜，看到信箱還有新郵件都以為是老師決定好了，結果還是不知道決定到哪裡去，學校每次慢慢拖公布,11,46
幾學分才算多,我覺得是28以上，大家覺得呢，幾學分才算多,16,1
機率與理財學在紙牌遊戲上的進階應用 四FG 鄭天澤 課程評價,如題，前天加退選時選上了這堂課，這堂課好像是新開的查不到評價，但之前爬文的時候看到鄭天澤老師的評價好像沒有很好，想請問一下有沒有上過這堂課的人可以分享一下這堂課的上課情形，會不會雷？非常感謝！,2,1
撞課,"上禮拜加簽了炎龍老師的""邏輯與數學""，剛剛發現這堂課似乎很有可能上，因此想請問學長姐，因為想雙主修，該選哪堂課呢？還是可以同時上？爬文後兩堂課都很優，但偏偏在同時段（我禮拜三甚至除了三78E就沒課了（",6,3
加簽加簽加簽,學校幹嘛不直接給個空白加簽單，我好需要啊啊啊啊,0,2
長達兩周的UniLife線上社團博覽會，在疫情遠距下幫你找到有興趣的社團與潛在社員,內文：#UniLife社團博覽會 #社團參展邀請，因應疫情，各校社團博覽會被迫改成線上，身為社團幹部，想要招募新血卻不知道從何開始？覺得官方舉辦的正式社團博覽會籌備複雜、展期短暫？身為大一新生，不知道,0,1
五234 民法總則 蔡晶瑩,有人知道今天第一堂老師有說什麼重要的事情或是要買哪本書嗎？因為我昨天打疫苗副作用太不舒服了，實在爬不起來上第一堂課⋯，求求好心人告訴我，謝謝,11,8
周玲臺初會,求活下去的方法QQ,29,1
moodle,moodle是不是又掛了.....,9,4
參考書籍,各位好，我是大一新生，想請問各位有沒有上過林宏明老師的中國語文文字名作選讀，因為老師的教學大綱有十多本參考書籍，我想知道哪些書籍推薦購買，謝謝,3,3
新開的鵝肉飯/便當,中午去買鵝肉飯，人還蠻多的，大家應該都來嘗鮮，掌店的是一個年輕人和阿姨，人很客氣。我買鵝肉飯，70元，是去骨鵝肉配筍子，飯是油飯（慎防碎骨喔……  更：我是沒吃到碎骨啦，只是好意提醒）。旁邊有醬汁、辣,42,48
微積分課沒課上,有人有修 五D56陳政輝老師的微積分課嗎？說是有YouTube連結，但裡面完全沒影片，#不得已的伸手牌，#還在等教授回信,4,1
加簽衝堂問題,我先為我大一新生的身分道歉‍️，想請問學長姐們，因為現在疫情期間，加簽流程都是用e-mail辦理，但我A課加簽單寄給所辦已經一個星期了都沒被加入課堂是正常的嗎？QAQ，今天收到同一時段B課教授說他可以讓我,7,2
五D56 大學英文一 王力英,從13：00開始就一直進不去老師給的會議連結，想請問有修這門課的大家也是一樣的情形嗎？還是老師的上課方式有更改嗎？,6,3
台語文學與台灣文化 google meet加不進去,有人也有上D56 台語文學與台灣文化 這堂課嗎，換了兩個帳號都加不進去，還有其他同學遇到同樣狀況嗎⋯⋯⋯,12,1
五234 普通心理學 9/24,臨時有事沒上到課..，請問好心的同學今天老師有說什麼嗎？上課應該有錄製吧...我記得會🥲,5,1
英輔 英文作文（ㄧ）課程連結,如題，請問同學有收到上課連結嗎？我沒有收到QQ,14,4
五D56 曾毓英 微積分 沒收到遠距連結🥺,RT，小弟大一新生，老師的課程簡介上寫上課前助教會寄信通知遠距連結，但小弟到現在還沒收到⋯不知道是不是被漏掉了QQ，請問有這堂課的同學可以救我一下嗎謝謝,6,1
問 陳政輝 微積分 五D56,請問老師說會採錄影上課，週五錄製後會請助教上傳網上，意思是週五的這個時段不會看到影片、要等助教上傳之後才可以上課嗎？,20,4
雷你四年的選課系統,學校昨天說要請技術部門查明原因並暫停加退選一天，但今天打開選課系統來看亂序掉遞補序號還是沒有修復，學校也沒有要繼續處理的樣子，被系統雷到修不到的課是不是只能說再見了,12,15
五234 經濟學 溫偉任,快下課前老師有說沒收到信的可以寄信給他跟助教，但找不到助教的信箱，直接寄給老師會不會太冒昧，順道問，真的有人收到郵件嗎，我還以為這堂課的風格就是要自己去課程網看,3,2
張宜武老師的課！！,想要請問一下，上張宜武老師課的學生（不管哪一班）有人收到過老師或助教發的mail嗎？我自己在應數系官網上有找到上課連結，但是其他老師和助教通常上課前都會再傳一次，第一週（上週）有沒有上課也會發信告知，,2,2
急 大學英文 李寶莉,請問有禮拜五D56修李寶莉老師的課，然後手邊已經有keynote advanced這本書的，能否拍一下8-12頁的課本內容（留在下面留言）。非常感謝因為我的課本還沒到。,9,3
問 【蔡偉鼎 生命價值與哲學思惟】 前兩堂課狀況,今天早上打開選課系統發現遞補上蔡偉鼎老師的生命價值與哲學思惟，但前兩堂課完全沒參與到QQ，想請問本學期有上這堂課的同學，這堂課前兩堂課在做甚麼！有稍微爬文看課綱，好像是第一周就分組了嘛？以及有甚麼特別,2,8
語言與世界,我是大一生，22號加退選的時候才選上語言與世界這個課，今天是第一天上課，但是看過Moodle，mail跟wm5都沒有找到老師傳上課連結，想請問有人知道連結在哪裡嗎？還是目前只要看Moodle裡面的東西,6,2
五D56 大學英文 賴宇彤 上課連結,再發一次，想請問有沒有人有這堂課的上課連結，我還在等遞補中所以沒有拿到上課連結，教學大綱上也沒有看到，嗚不想要第一堂課就缺課🥲,0,3
〔提問〕家庭社會學上課方式,如題，想請問有沒有人知道下週一的家庭社會學是遠距還是實體？非常感謝,0,1
跪求 鍾延麟老師中國大陸概論 星期五下午4點至七點的遠距上課連結,大家好，由於我是遞補上這門課的，所以沒有收到老師寄得信件，想請問大家有人有這門課的遠距上課連結可以放上來嗎？萬分感謝！！拜託各位了！,10,3
我決定了,我決定ㄌ！，我這次上台北就是出征，為了家人的健康，我這學期都不回家了，留在政大自己奮戰，武漢肺炎趕快滅絕拜託，武漢肺炎退散🧙‍️，武漢肺炎退散，武漢肺炎退散，嗚嗚希望我說到做到啦🥲,46,83
五234 劉定基 英美法導進不去,從剛剛就一直顯示主持人尚未加入，想問老師有開始上課了嗎？還是老師真的還沒加入會議？求好心人解答 謝謝！,4,0
五234 進階國文—書法名作欣賞與臨摹 上課連結,請問有人有這堂課的連結嗎 我是後來才決定加選這門課的，所以第一堂課沒到。我找了信箱、課程大綱跟moodle還有WM5都沒有⋯,2,1
林佳和 五234 德文（一）,想問有沒有同學有連結，我後來遞補上的，寄信給老師拿上課網址老師還沒有回，但是不是已經開始上課了啊,2,1
